bumpiness,grade,target
0.639426798458,0.0993546246061,0.0
0.0250107552227,0.685680265481,0.0
0.275029318369,0.544465861482,0.0
0.223210738149,0.977842529452,1.0
0.736471214164,0.358673841212,1.0
0.676699487423,0.398139642744,1.0
0.892179567705,0.189808562161,1.0
0.0869388326294,0.122159719087,0.0
0.421921819685,0.848033188464,1.0
0.0297972194381,0.454717368571,0.0
0.218637974804,0.662768738062,0.0
0.505355288103,0.641704467233,1.0
0.0265359696839,0.59714595952,0.0
0.198837650687,0.0213574547364,0.0
0.64988443778,0.786794590455,1.0
0.544941480603,0.243568897164,0.0
0.220440622041,0.125923885308,0.0
0.589265683876,0.564577975908,1.0
0.809430456678,0.0686101528244,1.0
0.00649875967806,0.765157375889,0.0
0.805819251833,0.207157370347,1.0
0.698139394988,0.215951351919,1.0
0.340250516518,0.86969542677,1.0
0.155479499812,0.328559553432,0.0
0.957213072207,0.147554179941,1.0
0.336594545113,0.900531035632,1.0
0.0927458433801,0.00283555148002,0.0
0.0967163768335,0.85840612638,1.0
0.847494366347,0.144687980321,1.0
0.603726031367,0.129992131443,0.0
0.807128273274,0.250654196728,1.0
0.729731786694,0.174497120901,0.0
0.536228091455,0.661057642597,1.0
0.973115763979,0.0257801497862,1.0
0.378534377208,0.0148603272307,0.0
0.552040631273,0.789984664235,1.0
0.829404664253,0.23793160609,1.0
0.618519752364,0.323771461962,1.0
0.861706900311,0.174246201406,1.0
0.577352145257,0.0523990178612,0.0
0.704571836215,0.741718056954,1.0
0.0458243836557,0.526085526598,0.0
0.227898275652,0.745665275034,0.0
0.289387963602,0.476245965423,1.0
0.0797919769236,0.778017039314,0.0
0.232790886361,0.513237957609,0.0
0.10100142941,0.109054010004,0.0
0.27797360311,0.503838689786,1.0
0.635684444264,0.94541564297,1.0
0.36483217897,0.0433650368992,0.0
0.370180967117,0.78322699598,1.0
0.209507030771,0.86698090776,1.0
0.266977822049,0.521451214713,1.0
0.936654587712,0.458042522098,1.0
0.648035385247,0.964026183122,1.0
0.609131005667,0.0608254074945,0.0
0.171138648198,0.478981910998,0.0
0.72912679795,0.401617254513,1.0
0.163402493762,0.686097496062,0.0
0.379455441758,0.490268854144,1.0
0.989523350637,0.909700829115,1.0
0.639999759854,0.0734907157665,0.0
0.556949743775,0.0807904774108,0.0
0.68461425099,0.608297423633,1.0
0.84285192019,0.0656822333201,1.0
0.775999911546,0.275015999558,1.0
0.229048071964,0.633076724301,0.0
0.032100243904,0.548356434048,0.0
0.315453048059,0.325185443319,0.0
0.267740875976,0.994627755861,1.0
0.210982843586,0.530556837431,0.0
0.942909714335,0.453715417575,1.0
0.876367626473,0.605426791535,1.0
0.314677880798,0.099178461679,0.0
0.655438665295,0.701779418546,1.0
0.395631901061,0.852792737296,1.0
0.914547589741,0.650916664881,1.0
0.458851852587,0.768962730105,1.0
0.264880166498,0.720839916658,1.0
0.246627507694,0.215023066327,0.0
0.561368134163,0.451554915965,1.0
0.262741608523,0.228493574365,0.0
0.584585990224,0.338931618835,1.0
0.897822883602,0.453498902907,1.0
0.39940050514,0.415989650261,1.0
0.219320759157,0.0950858392756,0.0
0.997537606495,0.426764006261,1.0
0.509526293676,0.66510786306,1.0
0.0909094121738,0.374301023436,0.0
0.0471163754247,0.152638924769,0.0
0.109649130351,0.922985035734,1.0
0.627446041703,0.0671333081366,0.0
0.792079364363,0.831771888475,1.0
0.4221599668,0.0932301017037,0.0
0.063527706152,0.0965644325658,0.0
0.381619286507,0.738795998489,1.0
0.99612138024,0.811769285277,1.0
0.529114345099,0.556370735615,1.0
0.971078377614,0.586465082739,1.0
0.860779702234,0.561586413992,1.0
0.0114810219428,0.329645981416,0.0
0.72072181936,0.122231285355,0.0
0.681710369027,0.353598079634,1.0
0.536970330409,0.665340520003,1.0
0.266825189953,0.750284250251,1.0
0.64096179858,0.868092148869,1.0
0.111552173596,0.721060678746,0.0
0.434765250669,0.968398625311,1.0
0.453723706329,0.600410091225,1.0
0.953815927521,0.351646185693,1.0
0.875852940378,0.57791851839,1.0
0.263389050751,0.212738805672,0.0
0.50058611305,0.656736302988,1.0
0.17865188053,0.224244869108,0.0
0.912627839345,0.108218381927,1.0
0.870518569837,0.845373418601,1.0
0.298444791449,0.367561050615,0.0
0.638949494866,0.762605631937,1.0
0.608970211438,0.574100004331,1.0
0.15283926855,0.807221371152,1.0
0.762510800075,0.845155161328,1.0
0.53937903012,0.974546602126,1.0
0.778626478631,0.818426859541,1.0
0.530353672195,0.613573280535,1.0
0.000571896127944,0.64269916383,0.0
0.324156057005,0.0262538314536,0.0
0.0194767423858,0.929084290995,1.0
0.929098616265,0.82946078996,1.0
0.878721877823,0.267447725154,1.0
0.831665529361,0.180416071961,1.0
0.307514125403,0.702698772866,1.0
0.0579251664942,0.30898468883,0.0
0.878009599204,0.339824656777,1.0
0.946949445298,0.00610578940366,1.0
0.0856534520679,0.869862706536,1.0
0.485990463317,0.566321094761,1.0
0.0692125184684,0.400784344,0.0
0.760602165257,0.141874654151,0.0
0.765834429307,0.633172012656,1.0
0.1283914645,0.0306570983809,0.0
0.475282378099,0.746111762006,1.0
0.549803593495,0.215132880034,0.0
0.26505662894,0.419832493765,1.0
0.872433041085,0.340895981769,1.0
0.423137940201,0.370053092477,1.0
0.211798205442,0.721595967743,1.0
0.539296088779,0.776835619967,1.0
0.72993106909,0.567593556614,1.0
0.20115106339,0.0849570399772,0.0
0.311716291301,0.0526088264255,0.0
0.995149356661,0.157409897107,1.0
0.649878057639,0.617838181926,1.0
0.438100083915,0.673968710613,1.0
0.517575841036,0.272102843546,0.0
0.121004195868,0.661938692808,0.0
0.224697337032,0.485661704891,0.0
0.338085562147,0.442044186698,0.0
0.588308718457,0.273166844365,1.0
0.230114732597,0.754943143668,1.0
0.220217384452,0.11381750811,0.0
0.070993086009,0.429913633398,0.0
0.63110295727,0.28324647008,1.0
0.228941783811,0.67848625476,0.0
0.905420013006,0.486632753364,1.0
0.859635400254,0.667132558736,1.0
0.0708573498887,0.0454173626044,0.0
0.238004634369,0.395263396088,0.0
0.668977778296,0.599324956944,1.0
0.21423680737,0.00768708589988,0.0
0.132311848725,0.301419362018,0.0
0.935514240581,0.21123397922,1.0
0.571043093325,0.137234805257,0.0
0.472671026312,0.255519504021,0.0
0.784619424291,0.328122355938,1.0
0.807496997767,0.00772990656931,1.0
0.190409914362,0.74701412343,1.0
0.0969308142288,0.175694801876,0.0
0.431051182406,0.380207445715,1.0
0.42357862302,0.703671263383,1.0
0.467024668037,0.500262346556,1.0
0.72907584946,0.83335420242,1.0
0.673364547293,0.806200186567,1.0
0.984165211366,0.0720754965922,1.0
0.098417871152,0.861764362023,1.0
0.402621282102,0.0423022615628,0.0
0.339302605395,0.0187415365856,0.0
0.861672536353,0.921162434502,1.0
0.24865633392,0.862110013612,1.0
0.190208908441,0.575759160737,0.0
0.448613547833,0.573399680886,1.0
0.421881639834,0.709498961569,1.0
0.278545144667,0.417693959843,0.0
0.249806447882,0.115173372664,0.0
0.923265599276,0.0208565590247,1.0
0.443130745053,0.324768179446,0.0
0.861349104762,0.80132215431,1.0
0.55032531245,0.618125263304,1.0
0.0505883295249,0.832025913072,1.0
0.999282468413,0.919769751741,1.0
0.83602758508,0.0881298812979,1.0
0.968996257285,0.844484359815,1.0
0.926366983008,0.243316474823,1.0
0.848695734414,0.588871288303,1.0
0.166311110604,0.523962543001,0.0
0.485641125451,0.395766696859,1.0
0.213747299199,0.310274561836,0.0
0.401040292549,0.339513281148,1.0
0.0586353999722,0.333068622493,0.0
0.378973118977,0.168132708046,0.0
0.98530884378,0.510483284542,1.0
0.265203058172,0.114026639839,0.0
0.784070601949,0.509952062323,1.0
0.455008367339,0.90592273158,1.0
0.42300748599,0.349375265472,1.0
0.95731764086,0.727379105674,1.0
0.995422689493,0.818948601525,1.0
0.555768323406,0.81503700575,1.0
0.718408275296,0.236268848947,1.0
0.154796825274,0.146444218278,0.0
0.296707825495,0.197271802824,0.0
0.968709364969,0.602398985273,1.0
0.579180290816,0.760215295547,1.0
0.542195201374,0.655509010519,1.0
0.747975560379,0.177146128947,0.0
0.0571652729075,0.772848089248,0.0
0.584177594459,0.494117025017,1.0
0.50285038292,0.754445825247,1.0
0.852719892048,0.759877149608,1.0
0.157432727939,0.448905256995,0.0
0.960778903274,0.924154258386,1.0
0.0801114652406,0.564491783403,0.0
0.185824960981,0.635298319061,0.0
0.59503510645,0.624521779442,1.0
0.675212553604,0.864246874831,1.0
0.235203895001,0.6272174069,0.0
0.119886613947,0.150957401393,0.0
0.890287314129,0.0682862584958,1.0
0.246215347789,0.442208063836,0.0
0.594519153533,0.302820435139,0.0
0.619381510332,0.274673667486,1.0
0.419224915336,0.0561721202131,0.0
0.583672289291,0.50733688529,1.0
0.522782715532,0.310407850606,1.0
0.934706257736,0.451913863701,1.0
0.204259199424,0.056890050834,0.0
0.716191800789,0.831696631663,1.0
0.238685952616,0.0767310011735,0.0
0.395785846791,0.864250033925,1.0
0.67169022296,0.855293371456,1.0
0.299997079799,0.615008388416,1.0
0.316177196272,0.507067817334,1.0
0.751864492414,0.462711658927,1.0
0.0725431144932,0.554316371338,0.0
0.458285522619,0.791817797265,1.0
0.998454440854,0.895876765557,1.0
0.996096447855,0.449733703651,1.0
0.0732607210996,0.809815917698,1.0
0.213154312267,0.651837454649,0.0
0.26520041475,0.32152676288,0.0
0.933259377994,0.475629027943,1.0
0.880864173686,0.150861076696,1.0
0.879270242485,0.0618737001011,1.0
0.369527088739,0.10350187727,0.0
0.157746832357,0.899126833956,1.0
0.83374495464,0.343437775838,1.0
0.703539925087,0.714315549167,1.0
0.611677765726,0.504549001501,1.0
0.987233063632,0.172558911436,1.0
0.653976317711,0.247743723598,1.0
0.00782310715216,0.437758274309,0.0
0.817104135115,0.439421791763,1.0
0.2993787522,0.522748035266,1.0
0.663388714966,0.158746207982,0.0
0.938930003927,0.372851982101,1.0
0.134291114393,0.282893578614,0.0
0.115428670419,0.408769397247,0.0
0.107035977709,0.338367146841,0.0
0.553223640885,0.597885862383,1.0
0.272348212315,0.789226931564,1.0
0.60482982703,0.647305356969,1.0
0.717612187139,0.0659118542797,0.0
0.203597312327,0.0945059475151,0.0
0.634237958885,0.67837934484,1.0
0.26398390163,0.284146973878,0.0
0.488531852149,0.723733655002,1.0
0.905336491079,0.65656408641,1.0
0.846103713295,0.906342697164,1.0
0.0922984677127,0.873279662061,1.0
0.423575772564,0.333362036061,1.0
0.276680223972,0.582739514586,1.0
0.00354568908778,0.141428380584,0.0
0.77111922302,0.349820787536,1.0
0.637113377301,0.967696507693,1.0
0.261955262434,0.698479962812,1.0
0.741230908348,0.391957984335,1.0
0.551680421126,0.595041228152,1.0
0.427686918981,0.938002199566,1.0
0.00966969960834,0.309581887416,0.0
0.0752438600738,0.376679306056,0.0
0.8831063933,0.791661957864,1.0
0.90392857156,0.813184783815,1.0
0.545590289206,0.670116399995,1.0
0.834595019886,0.828958972894,1.0
0.58250956649,0.738774672129,1.0
0.148093785567,0.685414440278,0.0
0.127445519282,0.526393339734,0.0
0.30825834993,0.646024820733,1.0
0.898981488743,0.423406366322,1.0
0.796122304888,0.361828096347,1.0
0.860702582001,0.362597668982,1.0
0.898924636526,0.180262922877,1.0
0.21007653834,0.214192661209,0.0
0.249529739223,0.947668267534,1.0
0.102793621672,0.486270920873,0.0
0.780116241871,0.226543046534,1.0
0.884134701451,0.137565353177,1.0
0.406377389832,0.0771650843009,0.0
0.620661510151,0.844428388686,1.0
0.154553338332,0.101140763668,0.0
0.929881015694,0.770874720363,1.0
0.86460569622,0.835119826635,1.0
0.976206032931,0.883682165493,1.0
0.81077171994,0.0377474923576,1.0
0.881416204663,0.336764371964,1.0
0.0247863618982,0.766307604447,0.0
0.736564471755,0.13104904143,0.0
0.332185467946,0.376719870823,0.0
0.930815886048,0.162247212088,1.0
0.802235138937,0.831345056689,1.0
0.864064028375,0.771097813731,1.0
0.810749316574,0.809043719639,1.0
0.266805709594,0.165539165744,0.0
0.787374509135,0.437673405138,1.0
0.108095626403,0.410858611497,0.0
0.872166782906,0.676362922189,1.0
0.858593251338,0.237530201447,1.0
0.222433717546,0.444198709805,0.0
0.816586605597,0.284927932563,1.0
0.460303234679,0.748536518095,1.0
0.305190867339,0.448927963033,0.0
0.795345499153,0.534011149698,1.0
0.227595487408,0.309467896563,0.0
0.0236644347015,0.808623871091,1.0
0.193129788328,0.469015605032,0.0
0.328261951198,0.835113392726,1.0
0.86435294203,0.367840958225,1.0
0.966889104048,0.947130170244,1.0
0.279124992722,0.984439793532,1.0
0.641481738608,0.461679978441,1.0
0.39967838436,0.281771732704,0.0
0.981149687198,0.381872434191,1.0
0.536215732479,0.527459788461,1.0
0.939237140325,0.966268153206,1.0
0.115341751851,0.816891239581,1.0
0.970400611022,0.801259224152,1.0
0.178567816172,0.138398534603,0.0
0.962534315762,0.250003211589,1.0
0.265466362523,0.641179036204,1.0
0.108402547215,0.874116945052,1.0
0.434563758565,0.554540745424,1.0
0.728545060653,0.102589731748,0.0
0.313677314195,0.845892276733,1.0
0.606208853306,0.851166048085,1.0
0.511423059669,0.285063014059,0.0
0.385195433345,0.763116830292,1.0
0.576588043497,0.272791299591,0.0
0.254722506139,0.905306208978,1.0
0.708785283834,0.147348655992,0.0
0.00169127821863,0.437472560195,0.0
0.925575165499,0.946413263012,1.0
0.538451997093,0.222038006907,0.0
0.719429999145,0.451127990221,1.0
0.741950077839,0.349585078139,1.0
0.670628504433,0.0266701908029,0.0
0.364221471781,0.0532568871711,0.0
0.0699738111263,0.502007114693,0.0
0.664237684911,0.235778073863,1.0
0.330200036043,0.994525351238,1.0
0.313915645058,0.374912673418,0.0
0.848015279506,0.0281875455282,1.0
0.719754263014,0.93082590475,1.0
0.300322268211,0.839176287612,1.0
0.309284662209,0.649960684294,1.0
0.408392908619,0.791380637482,1.0
0.402400387058,0.137599587726,0.0
0.295655202526,0.286879397313,0.0
0.127287799059,0.829761583153,1.0
0.420446333773,0.696071988576,1.0
0.94036367073,0.138792691818,1.0
0.677317945273,0.705536175289,1.0
0.902805545733,0.448601473982,1.0
0.615514915951,0.00525119830562,0.0
0.300949874566,0.0792257712707,0.0
0.547937213136,0.255923928437,1.0
0.000405939697288,0.834963099282,1.0
0.286913716869,0.548804245444,1.0
0.42988814999,0.727234785325,1.0
0.579984781196,0.527771505887,1.0
0.654705623703,0.111186860324,0.0
0.464988190247,0.288101578039,0.0
0.442159799305,0.301151194586,1.0
0.213701400989,0.0477494466189,0.0
0.473186185909,0.419825543753,1.0
0.901180825828,0.793899108639,1.0
0.796024760127,0.457113616636,1.0
0.169691396198,0.11085789529,0.0
0.0847955367251,0.905146885662,1.0
0.515452009915,0.596739042819,1.0
0.632940855766,0.0164353522059,0.0
0.33518825541,0.515375730209,1.0
0.818423464537,0.241938134421,1.0
0.751138137541,0.143576840246,0.0
0.672795670557,0.429238893103,1.0
0.224640665997,0.614809582776,0.0
0.199129932727,0.240564238807,0.0
0.0244253877268,0.416567595209,0.0
0.244842544078,0.664371301742,1.0
0.475136344219,0.0856139549873,0.0
0.849737694625,0.974654490952,1.0
0.0728282291846,0.0676793229088,0.0
0.414441010998,0.526059445322,1.0
0.629765380738,0.50732769658,1.0
0.19443523674,0.988331485596,1.0
0.696354250491,0.554151952418,1.0
0.49437716901,0.39045373256,0.0
0.243984439578,0.470135078158,0.0
0.656058011112,0.635670791469,1.0
0.00554481813803,0.981039422552,1.0
0.750964476618,0.253650261069,1.0
0.770046188574,0.0162422311089,0.0
0.106587296564,0.78852001628,0.0
0.425146193943,0.344802493163,0.0
0.175886681707,0.732941021451,0.0
0.95796604228,0.628256962476,1.0
0.517957750444,0.77150137411,1.0
0.0502183851406,0.735186984812,0.0
0.24919827966,0.332518608372,0.0
0.848336347352,0.0443356882952,1.0
0.45646182547,0.546013745208,1.0
0.801416601722,0.813508865556,1.0
0.667577732586,0.175089127052,0.0
0.987892453066,0.779142593478,1.0
0.595452318469,0.464622899747,1.0
0.950039608443,0.695389251996,1.0
0.89142592581,0.631735847758,1.0
0.612652322762,0.811497681848,1.0
0.719273961276,0.0631005370322,0.0
0.504778164824,0.776190399703,1.0
0.830569169721,0.457679577447,1.0
0.547871950611,0.293442571175,1.0
0.897208103233,0.0438062756591,1.0
0.74365544216,0.199469833715,0.0
0.474674436823,0.0419059419304,0.0
0.259191548465,0.93337097995,1.0
0.24723973751,0.515383589254,0.0
0.637661436776,0.989122702296,1.0
0.765813684297,0.543030697654,1.0
0.521299812828,0.253313765203,0.0
0.626748436982,0.753290918819,1.0
0.274597446918,0.191103430734,0.0
0.0774833538647,0.356974176035,0.0
0.285728150863,0.780841566978,1.0
0.271715107082,0.865798277078,1.0
0.319709568419,0.331924686381,0.0
0.540152222518,0.124475008244,0.0
0.138374061516,0.368019174315,0.0
0.231261479728,0.889486517012,1.0
0.693949812299,0.74330770552,1.0
0.706419141695,0.894637494955,1.0
0.0642288507139,0.386644768261,0.0
0.407599369667,0.973723584315,1.0
0.542611140504,0.496203226537,1.0
0.415774234103,0.497523392494,1.0
0.206834389514,0.924310466627,1.0
0.420143517773,0.519275853535,1.0
0.90483847834,0.801148087402,1.0
0.584079414204,0.727081324343,1.0
0.695522986498,0.0789270060555,0.0
0.856732032304,0.60245329883,1.0
0.765594576118,0.82234127954,1.0
0.380381028928,0.545474397345,1.0
0.00589608358399,0.321211428215,0.0
0.351758802672,0.080068911075,0.0
0.753475125059,0.660919221458,1.0
0.853447950569,0.306495856091,1.0
0.95343033847,0.602621627731,1.0
0.41902128263,0.426116072883,1.0
0.747515668978,0.689764808445,1.0
0.546132309734,0.351546983772,1.0
0.603252588941,0.0423551628501,0.0
0.220538694324,0.870037175056,1.0
0.219421634621,0.352559310308,0.0
0.435835976047,0.998150597773,1.0
0.0290248199467,0.274555360075,0.0
0.336129543698,0.980027279194,1.0
0.679141885028,0.947904378603,1.0
0.404316669138,0.0750411649882,0.0
0.165044731204,0.637512537883,0.0
0.467390149232,0.363311130651,1.0
0.127627797281,0.801095975562,1.0
0.622256960974,0.679410607815,1.0
0.0269664519051,0.95278939628,1.0
0.39402025634,0.142779468363,0.0
0.564391983025,0.607572903321,1.0
0.0271020463403,0.781311969743,0.0
0.642749648009,0.0347989657985,0.0
0.135699487231,0.0672333630621,0.0
0.461698444052,0.778515373507,1.0
0.0502846334886,0.366328473107,0.0
0.379103864188,0.382854401689,0.0
0.211660284211,0.567244641724,0.0
0.326845804881,0.605094828855,1.0
0.761229707894,0.679062056913,1.0
0.379126215564,0.948823529266,1.0
0.752009823555,0.372013378471,1.0
0.831924285155,0.763084471799,1.0
0.252271531782,0.573921778334,0.0
0.0819062327616,0.529459881536,0.0
0.01938328705,0.398034045952,0.0
0.539419047923,0.649560736706,1.0
0.999907828509,0.249611653093,1.0
0.34996034372,0.113448612585,0.0
0.65014409325,0.735674859479,1.0
0.781233049611,0.499043960256,1.0
0.651754655244,0.386987380039,1.0
0.75423320406,0.56167271076,1.0
0.949611732716,0.261776676587,1.0
0.199360682363,0.26028977114,0.0
0.0203800173203,0.446273112406,0.0
0.152382345785,0.996365112155,1.0
0.126220974874,0.285576877698,0.0
0.66945884462,0.916478909542,1.0
0.56396958193,0.491200195254,1.0
0.217964540907,0.122637421904,0.0
0.699464971246,0.852826290384,1.0
0.766898098356,0.452042685245,1.0
0.167789143368,0.898679030786,1.0
0.607247493891,0.445111192742,1.0
0.747925651955,0.0877907411047,0.0
0.114532871379,0.681929260251,0.0
0.819301174311,0.845521218975,1.0
0.964720773034,0.3195877721,1.0
0.108098749658,0.347425294739,0.0
0.0256784254975,0.0649390783161,0.0
0.311957244395,0.542171361226,1.0
0.67734728685,0.891331682354,1.0
0.958172838206,0.851362050753,1.0
0.396654441517,0.711809104007,1.0
0.715014705049,0.927324456723,1.0
0.0759964778431,0.637700022564,0.0
0.690614415933,0.793696383845,1.0
0.627242395601,0.508755745174,1.0
0.101901305446,0.121362455078,0.0
0.772480884951,0.200980371178,0.0
0.850293239089,0.138876872038,1.0
0.600411614817,0.790373060808,1.0
0.121055065067,0.0262840268083,0.0
0.983844351515,0.55402143726,1.0
0.782635346361,0.368911165501,1.0
0.347203765308,0.803661726289,1.0
0.428378013235,0.551646933926,1.0
0.370570876218,0.611948362621,1.0
0.505960789677,0.0862154816519,0.0
0.341231174861,0.309290717528,0.0
0.849575627,0.999595043934,1.0
0.82233091809,0.718869659891,1.0
0.105538870644,0.52569565483,0.0
0.960787567215,0.769164550375,1.0
0.635585106101,0.823339399508,1.0
0.828707311002,0.0737507129112,1.0
0.707308643706,0.972379731514,1.0
0.435487145008,0.642338589386,1.0
0.733795304013,0.449974495663,1.0
0.965473731238,0.68010899065,1.0
0.270082396387,0.344514780703,0.0
0.808199218807,0.87796015165,1.0
0.538172906448,0.780262928838,1.0
0.483497503883,0.639793929367,1.0
0.435574493004,0.181963136552,0.0
0.731026214305,0.966264613934,1.0
0.268395538049,0.432618286482,0.0
0.851713160019,0.910712270947,1.0
0.830731018891,0.0554128500178,1.0
0.0866628980557,0.124161120639,0.0
0.881631184003,0.15301546681,1.0
0.243863439191,0.16465707989,0.0
0.464708466603,0.322660751155,1.0
0.610331704231,0.709332132529,1.0
0.378989304128,0.346023082342,0.0
0.0286999977701,0.940904054932,1.0
0.850952836312,0.894925916821,1.0
0.181839857158,0.845933706156,1.0
0.21211985018,0.250605308982,0.0
0.797832356828,0.635057091388,1.0
0.340338843164,0.550841415483,1.0
0.880319979758,0.125170295127,1.0
0.701183750332,0.302824606109,1.0
0.276268575756,0.533478029768,0.0
0.0101511144387,0.502573144741,0.0
0.948062577777,0.168635901748,1.0
0.085612961958,0.941606987869,1.0
0.720074664104,0.15419426688,1.0
0.488577846849,0.658732873384,1.0
0.758164653482,0.720632768437,1.0
0.690609339447,0.605138907862,1.0
0.645902899741,0.842530004113,1.0
0.490821335079,0.563618034431,1.0
0.792932868132,0.825236267327,1.0
0.0930533505547,0.0283734878989,0.0
0.221596400473,0.0454618032913,0.0
0.691787155295,0.641453733824,1.0
0.30620603013,0.576771231477,1.0
0.581555585332,0.651129977486,1.0
0.47326048876,0.766959000916,1.0
0.530921931146,0.416586783663,1.0
0.425503812705,0.638991192209,1.0
0.745935436714,0.498038060136,1.0
0.330791297196,0.627164010298,1.0
0.702854942186,0.289671656802,1.0
0.270916426976,0.956650169954,1.0
0.251403676201,0.482944818175,1.0
0.120655884752,0.804688154216,1.0
0.192584293452,0.684990841196,0.0
0.119554741255,0.29743387143,0.0
0.535863965384,0.0729730255053,0.0
0.762189609484,0.0599130329347,0.0
0.185149842438,0.43960549992,0.0
0.216384639879,0.484251130107,1.0
0.484198587213,0.204023013563,0.0
0.724585001093,0.606660262821,1.0
0.976607022883,0.312582499247,1.0
0.524636869109,0.718362885112,1.0
0.282998703275,0.734199754805,1.0
0.100526108091,0.860777365754,1.0
0.194117578091,0.975374127915,1.0
0.227483163483,0.130766151552,0.0
0.179441543685,0.37054019805,0.0
0.0141483672561,0.561651215748,0.0
0.534135089268,0.319115886403,0.0
0.274311326783,0.466472567041,0.0
0.974294931103,0.267471674454,1.0
0.553358966799,0.247918882526,0.0
0.69741739291,0.0968116525606,0.0
0.126279492958,0.29021200497,0.0
0.868461197263,0.384149833502,1.0
0.490878694524,0.615377444164,1.0
0.872719734999,0.248270280381,1.0
0.574064219626,0.865307501721,1.0
0.469396944931,0.15969966213,0.0
0.440468798136,0.327435820801,0.0
0.18436367039,0.577687037894,0.0
0.0513767171836,0.312714920862,0.0
0.941063596768,0.763121375139,1.0
0.477729187266,0.49826554206,1.0
0.822115645299,0.514724839231,1.0
0.400707442252,0.498759708398,1.0
0.0740821702556,0.308540482054,0.0
0.629445706952,0.0231762982164,0.0
0.0536090742925,0.945232804069,1.0
0.149197584474,0.505444463024,0.0
0.562839597085,0.966686630552,1.0
0.303835511842,0.215144422526,0.0
0.99391812271,0.352895088856,1.0
0.118451562211,0.0505404046279,0.0
0.764443445326,0.494894203525,1.0
0.606317651243,0.882339476368,1.0
0.790740829843,0.65426003689,1.0
0.225687137065,0.470586853368,0.0
0.52257253513,0.536690749289,1.0
0.450514464889,0.847172365393,1.0
0.442721004019,0.430927769348,1.0
0.860166665826,0.882455730919,1.0
0.990031260467,0.727508063359,1.0
0.305380244319,0.763856764162,1.0
0.621027321072,0.365937352518,1.0
0.609630912245,0.400581621015,1.0
0.740089305485,0.570281643881,1.0
0.947590200325,0.194655301888,1.0
0.207787905824,0.553222926621,0.0
0.211025195305,0.0735317497428,0.0
0.660428137192,0.504255529123,1.0
0.157057093381,0.764404114707,0.0
0.173813548326,0.279720677624,0.0
0.0750648689012,0.989090700621,1.0
0.00267572260289,0.680398640119,0.0
0.450503704618,0.118811019724,0.0
0.59381119512,0.975082815414,1.0
0.291259289031,0.393903712729,0.0
0.231476234556,0.794897228381,1.0
0.706955829879,0.339085299953,1.0
0.702987558094,0.938948566955,1.0
0.454031326407,0.754965172293,1.0
0.687384920071,0.199057881552,0.0
0.923911044483,0.509122516225,1.0
0.787828026647,0.500077903571,1.0
0.625058007164,0.0453033524671,0.0
0.661183042853,0.137036373568,0.0
0.933668458446,0.333040705353,1.0
0.425138966104,0.473744150395,1.0
0.544562378711,0.456988559283,1.0
0.647634723402,0.606260522404,1.0
0.908411445213,0.515505732147,1.0
0.82663115965,0.327965847637,1.0
0.0714098368558,0.613068121065,0.0
0.165922789221,0.162502045877,0.0
0.307611812614,0.990615737561,1.0
0.74895772207,0.739319360574,1.0
0.569207049319,0.299234342528,0.0
0.288610588306,0.336373452152,0.0
0.124353658175,0.828289385957,1.0
0.688677991212,0.532339829876,1.0
0.699733684976,0.708739806435,1.0
0.942676240744,0.299790564737,1.0
0.500472177118,0.815748833244,1.0
0.493795219345,0.368357809866,1.0
0.0804418518993,0.673806392473,0.0
0.0398607841836,0.979898031179,1.0
0.432028664161,0.583702141849,1.0
0.322321583358,0.79675481393,1.0
0.250367902412,0.725324212552,1.0
0.091326886631,0.688043651203,0.0
0.961911102193,0.0266471549638,1.0
0.835958613906,0.474590214085,1.0
0.57519910922,0.967070696172,1.0
0.950786277806,0.782903991431,1.0
0.999572416877,0.776162025172,1.0
0.672281584303,0.577634395864,1.0
0.269511025967,0.721400112296,1.0
0.0402316731446,0.583523277048,0.0
0.756268830413,0.170512061747,0.0
0.470500823252,0.629025241145,1.0
0.651509489434,0.619735805501,1.0
0.916072787927,0.841167124958,1.0
0.181489147223,0.1477757083,0.0
0.585329625278,0.680726895051,1.0
0.634784719454,0.0315705133421,0.0
0.491725802191,0.948205170784,1.0
0.0912424062938,0.109895521334,0.0
0.347961056295,0.0189373675066,0.0
0.333308393665,0.313692483446,0.0
0.670133509521,0.151431258119,0.0
0.8577330944,0.690500260919,1.0
0.329803663579,0.410377409323,0.0
0.693673673983,0.774972301807,1.0
0.288217795361,0.920520949897,1.0
0.945193539563,0.872817708912,1.0
0.813566034738,0.735837271269,1.0
0.550096608972,0.0622812860144,0.0
0.454825908602,0.138082485785,0.0
0.31451715717,0.207341704971,0.0
0.323273786276,0.325049534426,0.0
0.970184726809,0.662226799714,1.0
0.404175057001,0.5254771514,1.0
0.514596252329,0.313752598738,1.0
0.988119214782,0.173182423857,1.0
0.657660386483,0.912124160924,1.0
0.542593594357,0.342327017682,1.0
0.413247570799,0.354286988645,1.0
0.187582541395,0.771989784149,1.0
0.361779359152,0.720924561327,1.0
0.756443154056,0.643309099999,1.0
0.625408742145,0.69331331003,1.0
0.759990536061,0.610076580079,1.0
0.20355823835,0.192264169137,0.0
0.549219639085,0.246519135527,1.0
0.927672760844,0.558086650807,1.0
0.438116095072,0.224867037993,0.0
0.698250029122,0.972910627591,1.0
0.121426083363,0.297614565277,0.0
0.973146815822,0.289004137404,1.0
0.608871667082,0.207277794855,0.0
0.239297462328,0.70498825974,1.0
0.158378163805,0.317040745018,0.0
0.550839007003,0.348803174201,1.0
0.552251409054,0.933700374771,1.0
0.0932092012815,0.795405356002,0.0
0.992257139395,0.273457536755,1.0
0.912929878484,0.121874105733,1.0
0.461447894179,0.676622245783,1.0
0.11746614909,0.379694185374,0.0
0.832143173769,0.980160537321,1.0
0.498375504707,0.818377460131,1.0
0.716603325992,0.954608863391,1.0
0.50887201507,0.804615833957,1.0
0.273424896713,0.290452651993,0.0
0.834723945577,0.287630341614,1.0
0.980244632603,0.714141287498,1.0
0.243730906075,0.346363514096,0.0
0.55126507688,0.442376111865,1.0
0.383586013247,0.256443975473,0.0
0.921868149932,0.479079263016,1.0
0.508240891593,0.202068007201,0.0
0.879326255146,0.538577923709,1.0
0.864026934429,0.933023933783,1.0
0.276247402822,0.696171300647,1.0
0.790006182003,0.137272954801,0.0
0.414942423551,0.615677034414,1.0
0.934248393683,0.586830498571,1.0
0.50773767581,0.24245803841,1.0
0.820549473186,0.669833964893,1.0
0.282838983283,0.531041489733,0.0
0.298555849772,0.637944573409,1.0
0.586937722414,0.0524911068395,0.0
0.998902333229,0.413301366048,1.0
0.489640346656,0.71735805625,1.0
0.148595418383,0.100544904777,0.0
0.538580577704,0.770766058098,1.0
0.345123941693,0.00518144640713,0.0
0.551917417071,0.55035256578,1.0
0.543430062959,0.92909968017,1.0
0.455344616867,0.406907451547,0.0
0.321777350229,0.935032098596,1.0
0.188652373707,0.878399621514,1.0
0.697498427621,0.477448520441,1.0
0.571797641985,0.199455974668,0.0
0.233562446058,0.963914038891,1.0
0.775544475099,0.321167702119,1.0
0.0436472990973,0.64589791789,0.0
0.744705151565,0.907936958736,1.0
0.705227881025,0.0894607205115,0.0
0.811408902565,0.574133353175,1.0
0.386078752491,0.535152276894,1.0
0.663688829485,0.723117678242,1.0
0.82074755171,0.936669379751,1.0
0.98081813866,0.91322972567,1.0
0.495328649616,0.175064775481,0.0
0.0370196113456,0.882244973165,1.0
0.502291150133,0.175788707539,0.0
0.59018042931,0.919634811851,1.0
0.869700313362,0.997171803089,1.0
0.874190374054,0.396994574278,1.0
0.440306209771,0.495383897322,1.0
0.525951086808,0.936608744778,1.0
0.456928074474,0.962131380083,1.0
0.722443827571,0.926039697896,1.0
0.409978619746,0.876743167918,1.0
0.654781326428,0.0092671684801,0.0
0.154361218772,0.567961868664,0.0
0.469490600985,0.107300690774,0.0
0.969203630574,0.982993888371,1.0
0.338561234051,0.28456165235,0.0
0.692704598587,0.989099470089,1.0
0.649836652579,0.543300483557,1.0
0.851765292351,0.493912420342,1.0
0.852341336566,0.938560501741,1.0
0.859342184168,0.851059738578,1.0
0.380009397523,0.468020769006,0.0
0.316661153933,0.192811398274,0.0
0.718717425223,0.11264676102,0.0
0.759401809334,0.16249426254,0.0
0.872383017399,0.458914471032,1.0
0.0358990998377,0.25726488023,0.0
0.0684207471816,0.186199069128,0.0
0.631161016855,0.736617895492,1.0
0.92092909878,0.790767664425,1.0
0.997425922956,0.567781222421,1.0
0.746766366738,0.757282750258,1.0
0.433971471923,0.175494913838,0.0
0.0984431263832,0.856146504273,1.0
0.633747828781,0.897042761784,1.0
0.872579232607,0.826989825276,1.0
0.443678551662,0.51528065896,1.0
0.694001162793,0.0867377698484,0.0
0.90342406205,0.66925585341,1.0
0.0459909686772,0.184781201047,0.0
0.796143465162,0.140611875634,0.0
0.293367775965,0.323601670085,0.0
0.374841089775,0.248047083667,0.0
0.145569795699,0.260785277065,0.0
0.531166318149,0.235521252802,0.0
0.565928061916,0.753756651781,1.0
0.792519473881,0.954034822655,1.0
0.169983649068,0.301945839692,0.0
0.07896835066,0.722882528401,0.0
0.870839598645,0.0114357341942,1.0
0.619710368537,0.65368336707,1.0
0.240829791856,0.692768590423,1.0
0.912829016024,0.0621243318005,1.0
0.143117720129,0.118224847804,0.0
0.461149913355,0.306806342004,0.0
0.253977339414,0.405416612968,0.0
0.255326708159,0.502520471238,0.0
0.00939743145487,0.895118369816,1.0
0.804633076975,0.703557035102,1.0
0.901209423599,0.310977948385,1.0
0.677610885699,0.117415745845,0.0
0.157975622072,0.916130385851,1.0
0.441729783604,0.295037600156,0.0
0.345565624443,0.614625448144,1.0
0.587571705126,0.219128600935,1.0
0.63893870236,0.133568782197,0.0
0.424308938461,0.153185564689,0.0
0.250098224408,0.747734837151,1.0
0.845303925143,0.605738948089,1.0
0.199216999109,0.415845615431,0.0
0.384693248967,0.549234508818,1.0
0.483208061059,0.470828076879,1.0
0.237205701928,0.537517687693,1.0
0.571922692351,0.66409443934,1.0
0.574811930179,0.218411622657,1.0
0.992692043627,0.247465429309,1.0
0.295230753883,0.754739549725,1.0
0.977944484577,0.873135058488,1.0
0.658229815929,0.0818703064733,0.0
0.274480380178,0.446747977496,0.0
0.565929016956,0.703766125156,1.0
0.685799492734,0.0781027221474,0.0
0.744668841165,0.564168722273,1.0
0.049044250776,0.0617580475567,0.0
0.606406493076,0.547649248711,1.0
0.496727286524,0.505487056093,1.0
0.904155290894,0.572701674228,1.0
0.286194151459,0.149852381382,0.0
0.798860119508,0.328117637742,1.0
0.607064998164,0.520341541185,1.0
0.352320955835,0.116240022185,0.0
0.636617878006,0.205401485539,1.0
0.62089116313,0.583147678441,1.0
0.677764458623,0.0909416444517,0.0
0.720928376671,0.510375354033,1.0
0.659181540317,0.808692083177,1.0
0.838337116963,0.45343230018,1.0
0.628248103687,0.513247843202,1.0
0.903403704073,0.456798475712,1.0
0.646340608891,0.0577367809325,0.0
0.308932883953,0.462378305739,1.0
0.440823190163,0.806915352554,1.0
0.579573805368,0.723280079825,1.0
0.732359767939,0.395948709953,1.0
0.0901333757462,0.816453225933,1.0
0.295110451629,0.745804482832,1.0
0.747480864938,0.578311265059,1.0
0.175640070444,0.0452898027278,0.0
0.132159797747,0.344528866562,0.0
0.539407758984,0.0637599121121,0.0
0.971489581211,0.994123660477,1.0
0.530852373703,0.934582798885,1.0
0.913486974482,0.0690191461603,1.0
0.830472619567,0.933775562585,1.0
0.256970084563,0.0317348710231,0.0
0.824689812542,0.408866935819,1.0
0.481847829874,0.768972062583,1.0
0.806488493794,0.765827682924,1.0
0.746559350717,0.978333284924,1.0
0.338715253802,0.645880818097,1.0
0.11516970745,0.420361938882,0.0
0.962893292869,0.992856598581,1.0
0.140757015006,0.382479618851,0.0
0.966500209463,0.869620285311,1.0
0.860140596899,0.906767311525,1.0
0.724216712076,0.375645533802,1.0
0.979942242782,0.682730354102,1.0
0.9672697473,0.661792538125,1.0
0.804587644021,0.539300263919,1.0
0.365775049406,0.653534098419,1.0
0.790681968589,0.347769887139,1.0
0.0139186551009,0.178473629004,0.0
0.536572308269,0.537258486398,1.0
0.454786027734,0.528842539544,1.0
0.672828381874,0.727858140906,1.0
0.672340797351,0.222690215966,0.0
0.584560091652,0.00347329494491,0.0
0.822417301227,0.022735327322,1.0
0.94029189178,0.298362988703,1.0
0.108346102199,0.673499857777,0.0
0.233821902212,0.544445339025,1.0
0.0250246496465,0.531933608497,0.0
0.884234845215,0.823360437376,1.0
0.56140738225,0.247512038504,0.0
0.915255908743,0.346159734988,1.0
0.221367200074,0.275649727795,0.0
0.0632170411602,0.937410361135,1.0
0.82385535139,0.725023945909,1.0
0.909387638428,0.112844638766,1.0
0.302190174529,0.809478183539,1.0
0.408295855795,0.419240598492,1.0
0.139777012507,0.766053467514,0.0
0.946261532882,0.883756621845,1.0
0.304364584356,0.0156457963635,0.0
0.492624618978,0.20608162185,0.0
0.0971919986218,0.100896713093,0.0
0.887259308529,0.0335762757543,1.0
0.135664048706,0.597784896732,0.0
0.453643756889,0.703286266865,1.0
0.67048621885,0.0486763212437,0.0
0.743140121523,0.74054107848,1.0
0.945974085779,0.402265350811,1.0
0.419126753415,0.234339278488,0.0
0.742269014765,0.217269210178,0.0
0.15452290241,0.86373024267,1.0
0.414884527437,0.0564440350245,0.0
0.0990216347105,0.503895848941,0.0
0.48934703779,0.289263451354,1.0
0.408115885698,0.815786256763,1.0
0.951521525381,0.731517483116,1.0
0.032716286855,0.318903696369,0.0
0.370529958734,0.597917674277,1.0
0.443383086061,0.672531901437,1.0
0.950555169851,0.320665115393,1.0
0.855450193306,0.301764435144,1.0
